npts,lower_ci_95,upper_ci_95,medians
50.0,0.4110483546336864,0.5082928789515362,0.47325129932979315
50.9009009009009,0.41007199290584423,0.5075455396654108,0.46941770257929677
51.8018018018018,0.40878794726472606,0.5067982003792855,0.46591816113457557
52.7027027027027,0.4071962177103318,0.5060508610931601,0.4627395406030341
53.6036036036036,0.4052968042426615,0.5053035218070348,0.45986870659207674
54.5045045045045,0.40308970686171514,0.5045561825209094,0.4572925247091081
55.4054054054054,0.40057492556749275,0.503808843234784,0.45499786056153235
56.306306306306304,0.39775246035999434,0.5030615039486587,0.4529715797567542
57.207207207207205,0.39462231123921976,0.5023141646625333,0.4512005479021779
58.10810810810811,0.3911844782051692,0.501566825376408,0.4496716306052081
59.009009009009006,0.3874389612578426,0.5008194860902827,0.44837169347324923
59.90990990990991,0.3833857603972399,0.5000721468041572,0.44728760211370555
60.81081081081081,0.3790248756233613,0.49932480751803193,0.4464062221339818
61.711711711711715,0.3743563069362064,0.4985774682319065,0.4457144191414822
62.612612612612615,0.3693800543357756,0.4978301289457812,0.44519905874361115
63.513513513513516,0.36409611782206874,0.49708278965965585,0.4448470065477735
64.41441441441441,0.3585044973950859,0.4963354503735305,0.4446451281613734
65.31531531531532,0.3526051930548268,0.4955881110874052,0.44458028919181536
66.21621621621622,0.3463982048012918,0.4948407718012798,0.4446393552465038
67.11711711711712,0.33988353263448073,0.4940934325151544,0.44480919193284313
68.01801801801801,0.3330611765543937,0.49334609322902906,0.44507666485823794
68.91891891891892,0.32593113656103045,0.49259875394290376,0.44542863963009266
69.81981981981983,0.31849341265439113,0.49185141465677834,0.44585198185581165
70.72072072072072,0.31074800483447595,0.491104075370653,0.44633355714279954
71.62162162162161,0.3026949131012846,0.4903567360845277,0.4468602310984606
72.52252252252252,0.29433413745481724,0.4896093967984023,0.4474188693301994
73.42342342342343,0.2856656778950737,0.4888620575122769,0.44799633744542033
74.32432432432432,0.2766895344220543,0.4881147182261516,0.44857950105152794
75.22522522522523,0.267423142267176,0.48736737894002613,0.4491552257559265
76.12612612612612,0.2582500765216212,0.4866200396539009,0.44971037716602064
77.02702702702703,0.24932725426814561,0.4858727003677755,0.45023182088921476
77.92792792792793,0.24065467550674963,0.48512536108165016,0.45070642253291315
78.82882882882883,0.23223234023743308,0.48437802179552475,0.4511210477045208
79.72972972972973,0.22406024846019615,0.48363068250939945,0.45146256201144147
80.63063063063063,0.21613840017503846,0.4828833432232741,0.4517178310610801
81.53153153153153,0.20846679538196047,0.48213600393714867,0.4518737204608409
82.43243243243244,0.20104543408096176,0.48138866465102337,0.4519170958181284
83.33333333333334,0.19387431627204257,0.480641325364898,0.4518348227403471
84.23423423423424,0.18695344195520297,0.47989398607877254,0.4516137668349014
85.13513513513513,0.18028281113044284,0.4791466467926473,0.4512407937091959
86.03603603603604,0.17386242379776204,0.47839930750652193,0.45070276897063477
86.93693693693695,0.16769227995716077,0.47765196822039646,0.4499865582266226
87.83783783783784,0.16177237960863902,0.4769046289342712,0.449079027084564
88.73873873873873,0.15610272275219678,0.47615728964814585,0.4479670411518632
89.63963963963964,0.15068330938783392,0.4754099503620205,0.44663746603592486
90.54054054054055,0.14551413951555056,0.47466261107589514,0.44507716734415315
91.44144144144144,0.1405952131353467,0.4739152717897698,0.443273010683953
92.34234234234233,0.13592653024722234,0.4731679325036444,0.4412118616627283
93.24324324324324,0.1315080908511774,0.47242059321751906,0.43888058588788376
94.14414414414415,0.12733989494721193,0.4716732539313937,0.43626604896682397
95.04504504504504,0.12342194253532601,0.47092591464526834,0.43335511650695324
95.94594594594594,0.11975423361551951,0.470178575359143,0.430134654115676
96.84684684684684,0.11633676818779248,0.4694312360730176,0.4265915274003967
97.74774774774775,0.1131695462521449,0.46868389678689226,0.42271260196851995
98.64864864864865,0.1102525678085769,0.4679365575007669,0.4184847434274502
99.54954954954955,0.10758583285708828,0.46718921821464154,0.4138948173845916
100.45045045045046,0.10514102193680916,0.4664418789285162,0.40893049044557434
101.35135135135135,0.10274821828251961,0.4656945396423908,0.40359785217521277
102.25225225225225,0.10037910243334959,0.46494720035626547,0.3979214150975062
103.15315315315316,0.09803367438929911,0.46419986107014016,0.3919264927346794
104.05405405405406,0.09571193415036817,0.46345252178401475,0.38563839860895643
104.95495495495496,0.09341388171655683,0.4627051824978894,0.37908244624256254
105.85585585585585,0.09113951708786502,0.46195784321176403,0.37228394915772206
106.75675675675676,0.08888884026429274,0.46121050392563867,0.3652682208766595
107.65765765765767,0.08666185124584,0.4604631646395133,0.3580605749215997
108.55855855855856,0.08445855003250685,0.45971582535338795,0.35068632481476725
109.45945945945945,0.08227893662429325,0.45896848606726265,0.34317078407838664
110.36036036036036,0.08012301102119916,0.45822114678113723,0.3355392662346824
111.26126126126127,0.07799077322322459,0.45747380749501193,0.32781708480587946
112.16216216216216,0.07588222323036964,0.45672646820888657,0.3200295533142023
113.06306306306305,0.07379736104263424,0.4559791289227612,0.3122019852818754
113.96396396396396,0.07173618666001833,0.4552317896366358,0.3043596942311235
114.86486486486487,0.06969870008252199,0.4544844503505105,0.2965279936841712
115.76576576576576,0.06768490131014523,0.45373711106438513,0.28873219716324316
116.66666666666667,0.06569479034288797,0.4529897717782598,0.2809976181905639
117.56756756756756,0.06372836718075031,0.45224243249213436,0.27334957028835816
118.46846846846847,0.06178563182373217,0.451495093206009,0.2658133669788504
119.36936936936937,0.059866584271833605,0.4507477539198837,0.2584143217842653
120.27027027027027,0.05797122452505455,0.4500004146337583,0.25117774822682754
121.17117117117117,0.05609955258339507,0.44925307534763304,0.2441289598287618
122.07207207207207,0.05425156844685512,0.4485057360615076,0.2372932701122924
122.97297297297297,0.052427272115434756,0.44775839677538226,0.23069599259964438
123.87387387387388,0.0506266635891339,0.4470110574892569,0.2243624408130419
124.77477477477477,0.04884974286795263,0.44626371820313154,0.21831792827470997
125.67567567567568,0.047102924909061004,0.4447319659728083,0.2125849919887636
126.57657657657657,0.04540189071887495,0.44293874276108586,0.20716200296836682
127.47747747747748,0.04374735307041333,0.4411455195493634,0.2020348893121935
128.3783783783784,0.04213931196367616,0.43935229633764084,0.19718947628491348
129.27927927927928,0.04057776739866348,0.43755907312591835,0.19261158915119686
130.18018018018017,0.039062719375375234,0.435765849914196,0.1882870531757134
131.0810810810811,0.0375941678938114,0.43397262670247344,0.18420169362313277
131.981981981982,0.03617211295397207,0.4321794034907509,0.18034133575812528
132.88288288288288,0.03479655455585719,0.4303861802790284,0.17669180484536065
133.7837837837838,0.03346749269946672,0.428592957067306,0.17323892614950862
134.68468468468467,0.032184927384800784,0.42679973385558356,0.16996852493523948
135.5855855855856,0.030948858611859222,0.42500651064386097,0.16686642646722266
136.48648648648648,0.029759286380642153,0.4232132874321386,0.16391845601012833
137.38738738738738,0.028616210691149536,0.4214200642204161,0.16111043882862638
138.2882882882883,0.027519631543381336,0.4196268410086936,0.15842820018738654
139.1891891891892,0.02646954893733762,0.41783361779697115,0.15585756535107895
140.0900900900901,0.02546596287301836,0.41604039458524866,0.15338435958437335
140.990990990991,0.024508873350423524,0.4142471713735261,0.15099440815193957
141.89189189189187,0.0235982803695532,0.41245394816180375,0.14867353631844776
142.7927927927928,0.02273418393040727,0.4106607249500812,0.14640756934856747
143.6936936936937,0.02191658403298582,0.40886750173835873,0.1441823325069689
144.59459459459458,0.02114548067728882,0.40707427852663625,0.1419836510583218
145.4954954954955,0.02042087386331625,0.40528105531491376,0.13979735026729606
146.3963963963964,0.01974276359106816,0.4034878321031913,0.13760925539856164
147.2972972972973,0.01911114986054452,0.4016946088914688,0.1354051917167884
148.1981981981982,0.018526032671745313,0.3999013856797463,0.13317098448664622
149.0990990990991,0.01798741202467058,0.39810816246802383,0.13089245897280508
150.0,0.017495287919320295,0.39631493925630135,0.1285554404399348
150.90090090090092,0.017034529115377384,0.3931236894059218,0.12614958103633042
151.8018018018018,0.016590004372524825,0.38993243955554246,0.12367984044478825
152.7027027027027,0.016161713690762566,0.38674118970516286,0.12115500523172917
153.6036036036036,0.01574965707009064,0.3835499398547834,0.11858386196357476
154.5045045045045,0.015353834510509042,0.3803586900044039,0.11597519720674608
155.40540540540542,0.01497424601201775,0.37716744015402437,0.11333779752766439
156.3063063063063,0.014610891574616792,0.37397619030364493,0.11068044949275108
157.2072072072072,0.014263771198306161,0.37078494045326543,0.1080119396684273
158.10810810810813,0.013932884883085838,0.36759369060288594,0.10534105462111423
159.009009009009,0.01361823262895586,0.3644024407525065,0.1026765809172334
159.9099099099099,0.013319814435916186,0.36121119090212694,0.10002730512320573
160.8108108108108,0.013037630303966848,0.3580199410517475,0.0974020138054527
161.7117117117117,0.012771680233107829,0.354828691201368,0.09480949353039547
162.61261261261262,0.012521964223339128,0.35163744135098846,0.09225853086445525
163.51351351351352,0.012288482274660756,0.34844619150060896,0.08975791237405342
164.4144144144144,0.012071234387072709,0.3452549416502295,0.0873164246256112
165.31531531531533,0.011870220560574978,0.34206369179984997,0.08494285418554973
166.21621621621622,0.011685440795167576,0.3388724419494705,0.08264598762029042
167.11711711711712,0.011516895090850493,0.335681192099091,0.08043461149625444
168.01801801801804,0.011364583447623736,0.3324899422487115,0.07831751237986301
168.9189189189189,0.011228505865487308,0.3292986923983321,0.07630347683753755
169.81981981981983,0.011108662344441194,0.32610744254795254,0.07440129143569908
170.72072072072072,0.011005052884485408,0.32291619269757305,0.07261974274076902
171.6216216216216,0.010917677485619944,0.3197249428471936,0.07096761731916856
172.52252252252254,0.010846536147844803,0.31653369299681405,0.06945370173731893
173.42342342342343,0.010791628871159985,0.3133424431464346,0.06808678256164148
174.32432432432432,0.010752955655565489,0.3101511932960551,0.06687564635855742
175.22522522522524,0.010730018441088037,0.30710402508892054,0.06582903300027731
176.1261261261261,0.010711859908315396,0.3044891018115211,0.06495003235952906
177.02702702702703,0.010693997517488021,0.3018741785341216,0.06423076116954864
177.92792792792793,0.010676431268605915,0.29925925525672203,0.06366207541988594
178.82882882882882,0.010659161161669073,0.2966443319793226,0.06323483110009089
179.72972972972974,0.010642187196677496,0.294029408701923,0.06293988419971323
180.63063063063063,0.010625509373631188,0.2914144854245235,0.06276809070830287
181.53153153153153,0.010609127692530146,0.288799562147124,0.0627103066154097
182.43243243243242,0.01059304215337437,0.2861846388697245,0.0627573879105835
183.33333333333334,0.01057725275616386,0.2835697155923249,0.06290019058337414
184.23423423423424,0.010561759500898616,0.28095479231492543,0.06312957062333151
185.13513513513513,0.01054656238757864,0.2783398690375259,0.06343638402000541
186.03603603603605,0.010531661416203928,0.27572494576012635,0.06381148676294576
186.93693693693695,0.010517056586774485,0.27311002248272687,0.06424573484170233
187.83783783783784,0.010502747899290309,0.2704950992053273,0.064729984245825
188.73873873873873,0.010488735353751397,0.26788017592792784,0.06525509096486368
189.63963963963965,0.010475018950157748,0.26526525265052825,0.06581191098836815
190.54054054054055,0.010461598688509372,0.26265032937312877,0.06639130030588831
191.44144144144144,0.010448474568806258,0.2600354060957293,0.06698411490697397
192.34234234234233,0.010435646591048413,0.2574204828183298,0.06758121078117503
193.24324324324326,0.010423114755235833,0.2548055595409302,0.06817344391804131
194.14414414414415,0.010410879061368521,0.2521906362635307,0.06875167030712263
195.04504504504504,0.010398939509446474,0.2495757129861312,0.06930674593796893
195.94594594594594,0.010387296099469694,0.2469607897087317,0.06982952680012999
196.84684684684686,0.01037594883143818,0.24434586643133213,0.07031086888315571
197.74774774774775,0.010364897705351931,0.24173094315393262,0.07074162817659588
198.64864864864865,0.010354142721210949,0.23911601987653314,0.07111266067000041
199.54954954954954,0.010343683879015237,0.23650109659913365,0.07141482235291914
200.45045045045046,0.010333521178764786,0.23388617332173406,0.07163923380692316
201.35135135135135,0.010323654620459604,0.23127125004433455,0.07178310123007238
202.25225225225225,0.010314084204099684,0.22865632676693504,0.07184971643691547
203.15315315315314,0.010304809929685037,0.22604140348953558,0.07184263583402242
204.05405405405406,0.010295831797215655,0.22342648021213596,0.07176541582796316
204.95495495495496,0.010287149806691535,0.2208115569347365,0.07162161282530764
205.85585585585585,0.010278763958112686,0.218196633657337,0.07141478323262579
206.75675675675677,0.010270674251479104,0.21558171037993742,0.07114848345648755
207.65765765765767,0.010262880686790784,0.2129667871025379,0.0708262699034629
208.55855855855856,0.010255383264047731,0.2103518638251384,0.0704516989801218
209.45945945945945,0.010248181983249947,0.20773694054773892,0.07002832709303415
210.36036036036037,0.010241276844397428,0.20512201727033935,0.06955971064876991
211.26126126126127,0.010234667847490176,0.20250709399293984,0.06904940605389903
212.16216216216216,0.01022835499252819,0.19989217071554033,0.06850096971499148
213.06306306306305,0.01022233827951147,0.19727724743814085,0.06791795803861718
213.96396396396398,0.010216617708440017,0.19466232416074125,0.06730392743134608
214.86486486486487,0.01021119327931383,0.19204740088334177,0.06666243429974818
215.76576576576576,0.010206064992132911,0.18943247760594228,0.06599703505039332
216.66666666666666,0.010201232846897256,0.18681755432854277,0.06531128608985155
217.56756756756758,0.010196696843606867,0.1842026310511432,0.06460874382469275
218.46846846846847,0.010192456982261747,0.18158770777374372,0.06389296466148693
219.36936936936937,0.01018851326286189,0.1789727844963442,0.06316750500680396
220.27027027027026,0.010184865685407302,0.17635786121894473,0.06243592126721389
221.17117117117118,0.01018151424989798,0.17374293794154513,0.06170176984928654
222.07207207207207,0.010178458956333925,0.17112801466414562,0.06096860715959195
222.97297297297297,0.010175699804715135,0.16851309138674614,0.06023998960470006
223.8738738738739,0.01017323679504161,0.16589816810934654,0.05951947359118076
224.77477477477478,0.010171069927313352,0.16328324483194703,0.058810615525604064
225.67567567567568,0.010169199201530364,0.16195645610767614,0.0581167054782308
226.57657657657657,0.010167624617692637,0.16105904556778142,0.057438715407002065
227.4774774774775,0.010166346175800181,0.16016163502788663,0.05677642368862195
228.3783783783784,0.01016536387585299,0.15926422448799188,0.05612959883548683
229.27927927927928,0.010164677717851064,0.15836681394809712,0.05549800935999303
230.18018018018017,0.010164287701794405,0.1574694034082024,0.0548814237745369
231.0810810810811,0.010164193827683013,0.1565719928683076,0.0542796105915148
231.981981981982,0.010164396095516885,0.15567458232841289,0.053692338323323076
232.88288288288288,0.010164894505296024,0.15477717178851816,0.05311937548235811
233.78378378378378,0.010165689057020432,0.15387976124862343,0.052560490581016216
234.6846846846847,0.010166779750690106,0.15298235070872865,0.052015452131693736
235.5855855855856,0.010168166586305045,0.15208494016883392,0.051484028646787076
236.48648648648648,0.010169849563865251,0.15118752962893914,0.05096598863869253
237.38738738738738,0.010171828683370724,0.1502901190890444,0.05046110061980648
238.2882882882883,0.010174103944821461,0.14939270854914966,0.049969133102525265
239.1891891891892,0.010176675348217467,0.1484952980092549,0.049489854599245243
240.0900900900901,0.010179542893558739,0.14759788746936015,0.04902303362236277
240.99099099099098,0.010182706580845274,0.14670047692946542,0.0485684386842742
241.8918918918919,0.01018616641007708,0.14580306638957063,0.04812583829737586
242.7927927927928,0.01018992238125415,0.1449056558496759,0.047695000974064136
243.6936936936937,0.010193974494376486,0.14400824530978118,0.04727569522673534
244.5945945945946,0.010198322749444088,0.1431108347698864,0.046867689567785836
245.4954954954955,0.010202967146456958,0.14221342422999164,0.046470752509612016
246.3963963963964,0.010207907685415095,0.14131601369009691,0.046084652564610175
247.2972972972973,0.010213144366318493,0.14041860315020216,0.045709158245176684
248.1981981981982,0.010218677189167165,0.1395211926103074,0.0453440380637079
249.0990990990991,0.010224506153961099,0.13862378207041265,0.04498906053260018
250.0,0.010230631260700299,0.1377263715305179,0.04464399416424986
250.9009009009009,0.010237052509384765,0.13682896099062317,0.0443086074710533
251.80180180180182,0.010243769900014502,0.13593155045072838,0.04398266896540686
252.7027027027027,0.010250783432589502,0.13503413991083363,0.043665947159706876
253.6036036036036,0.010258093107109768,0.1341367293709389,0.043358210566349704
254.5045045045045,0.010265698923575301,0.13323931883104417,0.04305922769773169
255.40540540540542,0.0102736008819861,0.1323419082911494,0.04276876706624919
256.3063063063063,0.010281798982342166,0.13144449775125466,0.04248659718429857
257.2072072072072,0.0102902932246435,0.1305470872113599,0.04221248656427616
258.1081081081081,0.010299083608890097,0.12964967667146515,0.041946203718578316
259.009009009009,0.010308170135081961,0.12875226613157043,0.0416875171596014
259.9099099099099,0.010317552803219093,0.12785485559167564,0.04143619539974175
260.81081081081084,0.010327231613301489,0.12695744505178086,0.041192006951395715
261.7117117117117,0.010337206565329153,0.1260600345118862,0.04095472032695968
262.6126126126126,0.010347477659302086,0.1251626239719914,0.04072410403882994
263.51351351351354,0.010358044895220282,0.12426521343209662,0.040499926599402894
264.4144144144144,0.010368908273083743,0.12336780289220192,0.04028195652107488
265.31531531531533,0.010380067792892474,0.12247039235230714,0.04006996231624223
266.21621621621625,0.010391523454646468,0.12157298181241238,0.039863712497301314
267.1171171171171,0.01040327525834573,0.12067557127251766,0.039662975576648496
268.018018018018,0.01041532320399026,0.11977816073262296,0.039467520066680105
268.91891891891896,0.010427667291580053,0.11888075019272812,0.039277114479792485
269.8198198198198,0.010440307521115112,0.1179833396528334,0.03909152732838202
270.7207207207207,0.010453243892595441,0.11708592911293869,0.03891052712484503
271.6216216216216,0.010466476406021035,0.11618851857304394,0.03873388238157788
272.52252252252254,0.010480005061391896,0.11529110803314915,0.03856136161097692
273.4234234234234,0.010493829858708023,0.11439369749325443,0.03839273332543851
274.3243243243243,0.010507950797969415,0.11349628695335967,0.03822776603735897
275.22522522522524,0.010522312397771887,0.1127758660399992,0.038066228762426046
276.1261261261261,0.010535694067223383,0.11258641400624163,0.03790795141458017
277.02702702702703,0.010547596473686237,0.11239696197248403,0.037752882181227895
277.92792792792795,0.01055801961716045,0.11220750993872645,0.03760098283864214
278.8288288288288,0.010566963497646024,0.11201805790496887,0.037452215163095805
279.72972972972974,0.010574428115142954,0.11182860587121128,0.037306540930861755
280.63063063063066,0.010580413469651242,0.11163915383745371,0.03716392191821288
281.5315315315315,0.010584919561170891,0.11144970180369612,0.03702431990142212
282.43243243243245,0.010587946389701893,0.11126024976993855,0.0368876966567623
283.33333333333337,0.010589493955244262,0.11107079773618095,0.036754013960506364
284.23423423423424,0.010589562257797986,0.11088134570242339,0.036623233588927176
285.1351351351351,0.01058815129736307,0.1106918936686658,0.036495317318297645
286.0360360360361,0.01058526107393951,0.1105024416349082,0.03637022692489062
286.93693693693695,0.010580891587527312,0.11031298960115063,0.03624792418497906
287.8378378378378,0.01057504283812647,0.11012353756739307,0.036128370874835815
288.73873873873873,0.010567714825736988,0.10993408553363547,0.036011528770733776
289.63963963963965,0.010558907550358865,0.10974463349987788,0.035897359648945845
290.5405405405405,0.010548621011992101,0.10955518146612031,0.03578582528574493
291.44144144144144,0.010536855210636695,0.10936572943236272,0.03567688745740386
292.34234234234236,0.01052361014629265,0.10917627739860515,0.0355705079401956
293.2432432432432,0.010508885818959961,0.10898682536484756,0.035466648510393016
294.14414414414415,0.010492682228638636,0.10879737333108998,0.035365270944268994
295.0450450450451,0.010474999375328661,0.10860792129733239,0.035266337018096415
295.94594594594594,0.010455837259030052,0.10841846926357482,0.0351698085081482
296.84684684684686,0.0104351958797428,0.10822901722981723,0.03507564719069721
297.7477477477478,0.010413075237466905,0.10803956519605964,0.034983814842016354
298.64864864864865,0.010389475332202372,0.10785011316230207,0.03489427323837852
299.5495495495495,0.010364396163949196,0.10766066112854449,0.034806984156056604
300.4504504504505,0.010337837732707376,0.1074712090947869,0.03472190937132349
301.35135135135135,0.010309800038476919,0.10728175706102931,0.03463901066045209
302.2522522522522,0.010280283081257823,0.10709230502727175,0.03455824979971525
303.1531531531532,0.010249286861050077,0.10690285299351415,0.0344795885653859
304.05405405405406,0.010216811377853696,0.10671340095975657,0.03440298873373693
304.9549549549549,0.010182856631668675,0.10652394892599899,0.034328412081041225
305.85585585585585,0.01014742262249501,0.1063344968922414,0.034255820383571674
306.7567567567568,0.010110509350332702,0.10614504485848383,0.034185175417601174
307.65765765765764,0.010072116815181758,0.10595559282472625,0.034116438959402605
308.55855855855856,0.01003224501704217,0.10576614079096867,0.034049572785248866
309.4594594594595,0.009990893955913939,0.10557668875721107,0.03398453867141285
310.36036036036035,0.009948063631797068,0.10538723672345351,0.03392129839416746
311.26126126126127,0.009903754044691557,0.10519778468969591,0.03385981372978557
312.1621621621622,0.009857965194597404,0.10500833265593833,0.033800046454540066
313.06306306306305,0.009810697081514613,0.10481888062218075,0.033741958344703865
313.963963963964,0.009761949705443175,0.10462942858842317,0.03368551117654984
314.86486486486484,0.0097117230663831,0.10443997655466561,0.03363066672635088
315.76576576576576,0.009660017164334383,0.10425052452090801,0.033577386770379906
316.6666666666667,0.009606831999297023,0.10406107248715044,0.033525633084909766
317.56756756756755,0.009552167571271024,0.10387162045339285,0.033475367446213385
318.4684684684685,0.009496023880256383,0.10368216841963528,0.033426551630563635
319.3693693693694,0.009438400926253098,0.10349271638587768,0.03337914741423343
320.27027027027026,0.009379298709261179,0.10330326435212012,0.033333116573495636
321.1711711711712,0.009318717229280613,0.10311381231836253,0.03328842088462315
322.0720720720721,0.009256656486311403,0.10292436028460493,0.033245022123888884
322.97297297297297,0.00919311648035356,0.10273490825084736,0.03320288206756571
323.8738738738739,0.009128097211407069,0.10254545621708977,0.03316196249192653
324.77477477477476,0.009061598679471941,0.1023560041833322,0.03312222517324423
325.6756756756757,0.008995161388432845,0.1021665521495746,0.033083631887791703
326.5765765765766,0.008932551014452316,0.10197710011581702,0.03304614441184184
327.47747747747746,0.008873938724628657,0.10178764808205944,0.033009724521667526
328.3783783783784,0.008819324518961861,0.10159819604830186,0.03297433399354166
329.2792792792793,0.008768708397451933,0.10140874401454428,0.03293993460373714
330.1801801801802,0.008722090360098873,0.10121929198078669,0.032906488128526847
331.0810810810811,0.008679470406902676,0.10102983994702912,0.03287395634418369
331.98198198198196,0.008640848537863349,0.10084038791327153,0.03284230102698055
332.8828828828829,0.008606224752980887,0.10065093587951396,0.03281148395319029
333.7837837837838,0.008575599052255288,0.10046148384575637,0.032781466899085836
334.68468468468467,0.00854897143568656,0.1002720318119988,0.03275221164094008
335.5855855855856,0.008526341903274698,0.1000825797782412,0.032723679955025904
336.4864864864865,0.0085077104550197,0.09989312774448361,0.0326958336176162
337.3873873873874,0.00849307709092157,0.09970367571072605,0.03266863440498386
338.2882882882883,0.008482441810980306,0.09951422367696845,0.032642044093401774
339.1891891891892,0.008475804615195908,0.09932477164321088,0.032616024459142835
340.0900900900901,0.008473165503568377,0.09913531960945329,0.03259053727847995
340.990990990991,0.008474524476097714,0.09894586757569572,0.03256554432768599
341.8918918918919,0.008479881532783914,0.09875641554193813,0.03254100738303384
342.7927927927928,0.008489236673626985,0.09856696350818056,0.03251688822079641
343.6936936936937,0.008502589898626917,0.09837751147442297,0.032493148617246594
344.5945945945946,0.008519941207783719,0.09818805944066539,0.032469750348657275
345.4954954954955,0.008541290601097387,0.0979986074069078,0.03244665519130134
346.3963963963964,0.008566638078567921,0.09780915537315021,0.0324238249214517
347.2972972972973,0.008595983640195322,0.09761970333939264,0.03240122131538122
348.1981981981982,0.008629327285979588,0.09743025130563505,0.0323788061493628
349.0990990990991,0.00866666901592072,0.09724079927187748,0.03235654119966935
350.0,0.008708008830018722,0.09705134723811988,0.032334388242573744
350.9009009009009,0.008750799938897057,0.09686189520436231,0.03231230905434888
351.8018018018018,0.008792495553179201,0.09667244317060472,0.032290265411267643
352.7027027027027,0.00883309567286515,0.09648299113684715,0.03226821908960293
353.60360360360363,0.008872600297954907,0.09629353910308956,0.03224613186562763
354.5045045045045,0.008911009428448469,0.09610408706933199,0.03222396551561464
355.4054054054054,0.008948323064345842,0.0959146350355744,0.032201681815836845
356.3063063063063,0.008984541205647019,0.09572518300181683,0.03217924254256715
357.2072072072072,0.009019663852352002,0.09553573096805924,0.03215660947207843
358.1081081081081,0.009053691004460795,0.09534627893430164,0.03213374438064358
359.009009009009,0.009086622661973392,0.09515682690054408,0.0321106090445355
359.9099099099099,0.009118458824889798,0.09496737486678648,0.032087165240027075
360.81081081081084,0.009149199493210011,0.09477792283302891,0.032063374743391194
361.7117117117117,0.009178844666934029,0.09458847079927134,0.032039199330900756
362.6126126126126,0.009207394346061853,0.09439901876551375,0.03201460077882866
363.51351351351354,0.009234848530593488,0.09420956673175616,0.031989540863447775
364.4144144144144,0.009261207220528927,0.09402011469799859,0.03196398136103101
365.31531531531533,0.009286470415868173,0.093830662664241,0.03193788404785125
366.2162162162162,0.009310638116611225,0.09364121063048342,0.03191121070018139
367.1171171171171,0.009333710322758084,0.09345175859672585,0.03188392309429432
368.01801801801804,0.009355687034308755,0.09326230656296826,0.03185598300646293
368.9189189189189,0.009376568251263226,0.09307285452921067,0.03182735221296011
369.8198198198198,0.009396353973621506,0.0928834024954531,0.03179799249005876
370.72072072072075,0.009415044201383595,0.09269395046169551,0.03176786561403177
371.6216216216216,0.009432638934549488,0.09250449842793793,0.03173693336115203
372.52252252252254,0.009449138173119188,0.09231504639418033,0.03170515750769243
373.4234234234234,0.009464541917092697,0.09212559436042277,0.03167249982992586
374.3243243243243,0.009478850166470014,0.09193614232666517,0.03163892210412521
375.22522522522524,0.009492062921251135,0.09174669029290759,0.031604386106563374
376.1261261261261,0.009504180181436063,0.09155723825915,0.03156885361351325
377.02702702702703,0.0095152019470248,0.09136778622539243,0.03153228640124772
377.92792792792795,0.009525128218017343,0.09117833419163485,0.03149464624603968
378.8288288288288,0.009533958994413692,0.09098888215787727,0.03145589492416204
379.72972972972974,0.00954169427621385,0.09079943012411969,0.03141599421188765
380.63063063063066,0.009548334063417811,0.09060997809036209,0.031374905885489426
381.5315315315315,0.009553878356025582,0.09042052605660453,0.031332591721240276
382.43243243243245,0.00955832715403716,0.09023107402284694,0.03128901349541306
383.3333333333333,0.009561680457452542,0.09004162198908937,0.0312441329842807
384.23423423423424,0.009563938266271731,0.08985216995533177,0.03119791196411606
385.13513513513516,0.009565100580494732,0.0896627179215742,0.031150312211192046
386.036036036036,0.009565167400121534,0.08947326588781662,0.031101295501781555
386.93693693693695,0.009564138725152146,0.08928381385405904,0.031050823612157462
387.83783783783787,0.009562014555586563,0.08909436182030145,0.030998858318592663
388.73873873873873,0.009558794891424789,0.08890490978654386,0.03094536139736007
389.63963963963965,0.009554479732666822,0.08871545775278628,0.030890294624732553
390.5405405405405,0.009549069079312663,0.0885260057190287,0.03083361977698301
391.44144144144144,0.009542562931362308,0.08833655368527113,0.030775298630384335
392.34234234234236,0.009534961288815761,0.08814710165151354,0.03071529296120941
393.2432432432432,0.00952626415167302,0.08795764961775596,0.030653564545731135
394.14414414414415,0.009516471519934086,0.08776819758399838,0.030590075160222403
395.0450450450451,0.009505583393598959,0.08757874555024078,0.0305247865809561
395.94594594594594,0.00949359977266764,0.08738929351648322,0.030457660584205133
396.84684684684686,0.009480520657140126,0.08719984148272562,0.030388658946242375
397.7477477477478,0.00946634604701642,0.08701038944896805,0.030317743443340723
398.64864864864865,0.009451075942296522,0.08682093741521046,0.030244875851773066
399.54954954954957,0.009434710342980431,0.08663148538145288,0.030170017947812308
400.45045045045043,0.009417405988578011,0.08644203334769529,0.030093121789350533
401.35135135135135,0.009400103316148474,0.08625258131393772,0.03001391591152155
402.2522522522523,0.009382959065201684,0.08606312928018013,0.029931905326700866
403.15315315315314,0.009365973235737643,0.08587367724642256,0.029846585328883218
404.05405405405406,0.009349145827756351,0.08568422521266497,0.029757451212063305
404.954954954955,0.009332476841257806,0.08549477317890739,0.029663998270235845
405.85585585585585,0.009315966276242009,0.08530532114514981,0.029565721797395576
406.7567567567568,0.009299614132708961,0.08511586911139221,0.029462117087537185
407.65765765765764,0.00928342041065866,0.08492641707763465,0.02935267943465542
408.55855855855856,0.009267385110091106,0.08473696504387707,0.02923690413274498
409.4594594594595,0.009251508231006303,0.08454751301011948,0.02911428647580059
410.36036036036035,0.009235789773404245,0.0843580609763619,0.028984321757816966
411.26126126126127,0.009220229737284936,0.08416860894260432,0.028846505272788817
412.1621621621622,0.009204828122648378,0.08397915690884673,0.028700332314710867
413.06306306306305,0.009189584929494565,0.08378970487508916,0.028545298177577866
413.963963963964,0.009174500157823501,0.08360025284133157,0.028380898155384478
414.86486486486484,0.009159573807635187,0.08341080080757399,0.028206627542125457
415.76576576576576,0.009144805878929617,0.0832213487738164,0.028021981631795503
416.6666666666667,0.0091301963717068,0.08303189674005883,0.027826455718389327
417.56756756756755,0.00911574528596673,0.08284244470630125,0.027619545095901688
418.4684684684685,0.009101452621709404,0.08265299267254367,0.02740074505832726
419.3693693693694,0.009087318378934828,0.08246354063878607,0.027169550899660767
420.27027027027026,0.009073342557643001,0.08227408860502851,0.02692545791389696
421.1711711711712,0.009059525157833922,0.08208463657127091,0.026667961395030516
422.0720720720721,0.00904586617950759,0.08189518453751332,0.026396556637056177
422.97297297297297,0.00903236562266401,0.08170573250375575,0.026110738933968668
423.8738738738739,0.009019023487303173,0.08151628046999818,0.02581000357976267
424.77477477477476,0.009005839773425086,0.08132682843624059,0.025493845868432945
425.6756756756757,0.008992814481029747,0.081137376402483,0.02516189625604117
426.5765765765766,0.008979947610117157,0.08094792436872542,0.024814961609232133
427.47747747747746,0.008967239160687314,0.08075847233496784,0.024454454520950887
428.3783783783784,0.00895468913274022,0.08056902030121027,0.024081792590144865
429.2792792792793,0.008942297526275874,0.08037956826745266,0.023698393415761587
430.1801801801802,0.008930064341294276,0.0801901162336951,0.023305674596748552
431.0810810810811,0.008917989577795427,0.08000066419993751,0.022905053732053225
431.98198198198196,0.008906073235779324,0.07981121216617994,0.022497948420623137
432.8828828828829,0.00889431531524597,0.07962176013242235,0.02208577626140573
433.7837837837838,0.008882715816195364,0.07943230809866476,0.021669954853348508
434.68468468468467,0.008871274738627508,0.07924285606490719,0.021251901795399
435.5855855855856,0.008859992082542399,0.0790534040311496,0.020833034686504655
436.4864864864865,0.008848867847940036,0.07886395199739202,0.02041477112561297
437.3873873873874,0.00883790203482042,0.07867449996363443,0.019998528711671473
438.2882882882883,0.008827094643183557,0.07848504792987686,0.019585725043627603
439.1891891891892,0.008816445673029439,0.07829559589611927,0.019177777720428866
440.0900900900901,0.008805955124358071,0.0781061438623617,0.018776104341022788
440.990990990991,0.008795622997169452,0.07791669182860411,0.018382122504356814
441.8918918918919,0.008785449291463578,0.07772723979484653,0.017997249809378474
442.7927927927928,0.008775434007240453,0.07753778776108894,0.017622903855035215
443.6936936936937,0.008765577144500075,0.07734833572733135,0.017260502240274554
444.5945945945946,0.008755878703242447,0.0771588836935738,0.016911462564044
445.4954954954955,0.008746338683467567,0.0769694316598162,0.016577202425291003
446.3963963963964,0.008736957085175434,0.07677997962605862,0.016259139422963073
447.2972972972973,0.008727733908366052,0.07659052759230103,0.015958691156007725
448.1981981981982,0.008718669153039415,0.07640107555854345,0.01567727522337241
449.0990990990991,0.008709762819195527,0.07621162352478587,0.015416309224004651
450.0,0.008701014906834387,0.07602217149102829,0.015177210756851908
450.9009009009009,0.008692425415955994,0.07583271945727071,0.014961044448264921
451.8018018018018,0.00868399434656035,0.07564326742351313,0.01476746303420738
452.7027027027027,0.008675721698647455,0.07545381538975554,0.014595766278046153
453.60360360360363,0.008667607472217308,0.07526436335599795,0.014445253943148164
454.5045045045045,0.008659651667269909,0.0750749113222404,0.014315225792880311
455.4054054054054,0.008651854283805258,0.0748854592884828,0.014204981590609496
456.30630630630634,0.008644215321823355,0.07469600725472521,0.014113821099702623
457.2072072072072,0.008636734781324198,0.07450655522096764,0.014041044083526603
458.1081081081081,0.008629412662307791,0.07431710318721005,0.013985950305448327
459.009009009009,0.008622248964774133,0.07412765115345248,0.013947839528834709
459.9099099099099,0.00861524368872322,0.07393819911969489,0.01392601151705264
460.81081081081084,0.00860839683415506,0.0737487470859373,0.013919766033469035
461.7117117117117,0.008601708401069644,0.07355929505217973,0.01392840284145079
462.6126126126126,0.008595178389466978,0.07336984301842214,0.013951221704364808
463.51351351351354,0.00858880679934706,0.07318039098466456,0.013987522385578004
464.4144144144144,0.00858259363070989,0.07299093895090698,0.014036604648457263
465.31531531531533,0.008576538883555467,0.0728014869171494,0.0140977682563695
466.2162162162162,0.008570642557883791,0.07261203488339182,0.014170312972681611
467.1171171171171,0.008564904653694866,0.07242258284963424,0.014253538560760512
468.01801801801804,0.00855932517098869,0.07223313081587665,0.014346744783973096
468.9189189189189,0.008553904109765259,0.07204367878211906,0.014449231405686266
469.8198198198198,0.008548641470024577,0.07185422674836149,0.01456029818926693
470.72072072072075,0.008543537251766643,0.0716647747146039,0.014679244898081992
471.6216216216216,0.008538591454991458,0.07147532268084633,0.014805371295498344
472.52252252252254,0.00853380407969902,0.07128587064708874,0.014937977144882904
473.42342342342346,0.008529175125889332,0.07109641861333114,0.01507636220960257
474.3243243243243,0.008524704593562388,0.07090696657957359,0.015219826253024238
475.22522522522524,0.008520392482718195,0.07071751454581598,0.015367669038514819
476.1261261261261,0.008516238793356752,0.07052806251205843,0.015519190329441209
477.02702702702703,0.008512243525478054,0.07033861047830083,0.01567368988917033
477.92792792792795,0.008508406679082104,0.07014915844454324,0.015830467481069067
478.8288288288288,0.008504728254168906,0.06995970641078567,0.01598882286850432
479.72972972972974,0.00850120825073845,0.06977025437702808,0.016148055814843014
480.63063063063066,0.008497846668790747,0.06958080234327049,0.016307466083452033
481.5315315315315,0.00849464350832579,0.06939135030951292,0.016466353437698276
482.43243243243245,0.008491598769343583,0.06920189827575533,0.01662401764094867
483.3333333333333,0.008488712451844122,0.06901244624199776,0.016779758456570093
484.23423423423424,0.00848598455582741,0.06882299420824017,0.01693287564792947
485.13513513513516,0.008483415081293447,0.06863354217448259,0.017082668978393695
486.036036036036,0.008481004028242228,0.06844409014072501,0.017228438211329657
486.93693693693695,0.008478751396673761,0.06825463810696743,0.01736948311010429
487.83783783783787,0.008476657186588044,0.06806518607320984,0.01750510343808447
488.73873873873873,0.00847472139798507,0.06787573403945227,0.017634598958637105
489.63963963963965,0.008472944030864848,0.06768628200569468,0.017757269435129116
490.5405405405405,0.008471325085227372,0.06749682997193711,0.017872414630927383
491.44144144144144,0.008469864561072644,0.06730737793817952,0.017979334309398826
492.34234234234236,0.008468562458400665,0.06711792590442192,0.018077328233910343
493.2432432432432,0.008467418777211435,0.06692847387066436,0.01816569616782883
494.14414414414415,0.008466433517504951,0.06673902183690676,0.0182437378745212
495.0450450450451,0.008465606679281215,0.06654956980314919,0.018310753117354354
495.94594594594594,0.008464938262540229,0.0663601177693916,0.018366041659695194
496.84684684684686,0.008464428267281991,0.06617066573563403,0.018408903264910622
497.7477477477478,0.0084640766935065,0.06598121370187644,0.018438637696367548
498.64864864864865,0.008463883541213758,0.06579176166811886,0.01845454471743286
499.54954954954957,0.008463848810403761,0.06560230963436128,0.01845592409147348
500.45045045045043,0.008463952313150424,0.06546729086954793,0.01844212042958711
501.35135135135135,0.008464072921897197,0.06538670537367883,0.018413509840680065
502.2522522522523,0.008464190448717991,0.06530611987780974,0.01837149993146727
503.15315315315314,0.008464304893612802,0.06522553438194065,0.018317543156394462
504.05405405405406,0.008464416256581637,0.06514494888607154,0.018253091969907365
504.954954954955,0.008464524537624488,0.06506436339020244,0.018179598826451707
505.85585585585585,0.00846462973674136,0.06498377789433332,0.018098516180473243
506.7567567567568,0.008464731853932253,0.06490319239846423,0.01801129648641767
507.65765765765764,0.008464830889197162,0.06482260690259514,0.01791939219873075
508.55855855855856,0.008464926842536094,0.06474202140672604,0.01782425577185819
509.4594594594595,0.008465019713949046,0.06466143591085693,0.01772733966024573
510.36036036036035,0.008465109503436015,0.06458085041498783,0.01763009631833911
511.26126126126127,0.008465196210997006,0.06450026491911873,0.01753397820058406
512.1621621621622,0.008465279836632016,0.06441967942324962,0.017440437761426297
513.063063063063,0.008465360380341045,0.06433909392738053,0.017350927455311565
513.963963963964,0.008465437842124094,0.06425850843151142,0.017266899736685583
514.8648648648649,0.008465512221981164,0.06417792293564234,0.0171898070599941
515.7657657657658,0.008465583519912251,0.06409733743977322,0.01712110187968284
516.6666666666667,0.00846565173591736,0.06401675194390412,0.017062236650197522
517.5675675675675,0.00846571686999649,0.06393616644803504,0.017014663825983906
518.4684684684685,0.008465778922149636,0.06385558095216594,0.016979835861487692
519.3693693693695,0.008465837892376805,0.06377499545629682,0.016959205211154623
520.2702702702702,0.00846589378067799,0.06369440996042773,0.016954224329430438
521.1711711711712,0.008465946587053196,0.06361382446455863,0.016966345670760857
522.0720720720722,0.008465996311502423,0.06353323896868951,0.016997021689591628
522.9729729729729,0.00846604295402567,0.06345265347282043,0.01704770484036846
523.8738738738739,0.008466086514622936,0.06337206797695132,0.017119847577537102
524.7747747747748,0.00846612699329422,0.06329148248108223,0.017214902355543273
525.6756756756756,0.008466164390039527,0.06321089698521314,0.01733407496176157
526.5765765765766,0.008466198704858853,0.06313031148934402,0.017476424266465927
527.4774774774775,0.008466229937752198,0.06304972599347491,0.01763990370601882
528.3783783783783,0.00846625808871956,0.06296914049760582,0.017822457580965345
529.2792792792793,0.008466283157760946,0.06288855500173672,0.018022030191850582
530.1801801801802,0.008466305144876347,0.06280796950586762,0.018236565839219544
531.081081081081,0.008466324050065772,0.06272738400999853,0.018464008823617314
531.981981981982,0.008466339873329214,0.06264679851412941,0.018702303445588993
532.8828828828829,0.008466352614666679,0.0625662130182603,0.018949394005679583
533.7837837837837,0.008466362274078161,0.062485627522391216,0.01920322480443418
534.6846846846847,0.008466368851563665,0.06240504202652211,0.019461740142397873
535.5855855855856,0.008466372347123184,0.062324456530653015,0.019722884320115663
536.4864864864865,0.008466372760756728,0.06224387103478391,0.019984601638132652
537.3873873873874,0.008466370092464289,0.06216328553891481,0.020244836396993926
538.2882882882883,0.00846636434224587,0.06208270004304571,0.020501532897244493
539.1891891891892,0.008466355510101472,0.062002114547176614,0.020752635439429443
540.0900900900901,0.008466343596031092,0.0619215290513075,0.02099608832409388
540.990990990991,0.00846632860003473,0.061840943555438406,0.021229835851782793
541.8918918918919,0.008466310522112391,0.06176035805956931,0.02145182232304128
542.7927927927929,0.008466289362264071,0.0616797725637002,0.021659992038414427
543.6936936936937,0.008466265120489772,0.06159918706783111,0.021852289298447264
544.5945945945946,0.00846623779678949,0.061518601571962005,0.02202665840368486
545.4954954954956,0.008466207391163228,0.061438016076092894,0.022181043654672307
546.3963963963964,0.008466173903610987,0.061357430580223804,0.022313389351954625
547.2972972972973,0.008466137334132767,0.06127684508435471,0.0224216397960769
548.1981981981983,0.008466097682728563,0.061196259588485596,0.022503739287584208
549.099099099099,0.008466054949398382,0.06111567409261651,0.022557632127021585
550.0,0.008466009134142218,0.0610350885967474,0.02258126261493412
550.900900900901,0.008465960236960076,0.06095450310087829,0.022573185660592607
551.8018018018017,0.008465908257851951,0.06087391760500921,0.022534398608170893
552.7027027027027,0.008465853196817849,0.0607933321091401,0.02246650941056854
553.6036036036037,0.008465795053857764,0.06071274661327099,0.022371126020685115
554.5045045045044,0.008465733828971702,0.06063216111740191,0.022249856391420242
555.4054054054054,0.008465669522159656,0.0605515756215328,0.022104308475673448
556.3063063063064,0.00846560213342163,0.06047099012566369,0.021936090226344313
557.2072072072071,0.008465531662757627,0.0603904046297946,0.02174680959633249
558.1081081081081,0.008465458110167641,0.060309819133925496,0.02153807453853745
559.009009009009,0.008465381475651677,0.0602292336380564,0.02131149300585885
559.9099099099099,0.008465301759209731,0.0601486481421873,0.02106867295119623
560.8108108108108,0.008465218960841804,0.06006806264631819,0.020811222327449145
561.7117117117117,0.008465133080547896,0.059987477150449095,0.020540749087517247
562.6126126126126,0.00846504411832801,0.059906891654580005,0.020258861184300064
563.5135135135135,0.008464952074182143,0.059826306158710894,0.01996716657069715
564.4144144144144,0.008464856948110295,0.05974572066284179,0.01966727319960815
565.3153153153153,0.008464758740112469,0.059665135166972694,0.019360789023932613
566.2162162162163,0.008464657450188658,0.05958454967110359,0.019049321996570057
567.1171171171171,0.008464553078338872,0.05950396417523449,0.018734480070420157
568.018018018018,0.008464445624563102,0.05942337867936539,0.01841787119838245
568.918918918919,0.008464335088861356,0.059342793183496285,0.018101103333356468
569.8198198198198,0.008464221471233624,0.05926220768762718,0.01778578442824188
570.7207207207207,0.008464104771679916,0.05918162219175809,0.017473522435938204
571.6216216216217,0.008463984990200225,0.05910103669588899,0.017165925309344996
572.5225225225225,0.008463862126794555,0.059020451200019884,0.016864601001361907
573.4234234234234,0.008463736181462905,0.05893986570415078,0.016571157464888468
574.3243243243244,0.008463607154205275,0.058859280208281683,0.016287202652824236
575.2252252252252,0.008463475045021665,0.05877869471241259,0.01601433969303019
576.1261261261261,0.008463339853912073,0.05869810921654348,0.015753587883689517
577.0270270270271,0.0084632015808765,0.05861752372067438,0.01550483263890059
577.927927927928,0.00846306022591495,0.058536938224805275,0.015267829096718104
578.8288288288288,0.008462915789027418,0.058456352728936185,0.015042332395196666
579.7297297297297,0.008462768270213906,0.05837576723306709,0.014828097672390893
580.6306306306307,0.00846261766947441,0.05829518173719798,0.014624880066355391
581.5315315315315,0.008462463986808937,0.058214596241328874,0.014432434715144849
582.4324324324324,0.008462307222217486,0.05813401074545979,0.014250516756813858
583.3333333333334,0.008462147375700054,0.05805342524959068,0.014078881329417035
584.2342342342342,0.008461984447256637,0.057972839753721576,0.013917283571009053
585.1351351351351,0.008461818436887243,0.05789225425785248,0.013765478619644512
586.0360360360361,0.008461649344591869,0.05781166876198337,0.013623221613378025
586.936936936937,0.008461477170370515,0.05773108326611428,0.013490267690264263
587.8378378378378,0.008461301914223179,0.05765049777024518,0.013366371988357828
588.7387387387388,0.008461123576149865,0.05756991227437607,0.013251289645713345
589.6396396396397,0.008460942156150569,0.05748932677850697,0.013144775800385465
590.5405405405405,0.008460757654225293,0.057408741282637885,0.013046585590428808
591.4414414414415,0.008460570070374035,0.057328155786768774,0.012956474153897985
592.3423423423424,0.0084603794045968,0.05724757029089967,0.012874196628847654
593.2432432432432,0.008460185656893583,0.05716698479503057,0.012799508153332426
594.1441441441442,0.008459988827264385,0.05708639929916146,0.012732163865406933
595.0450450450451,0.00845978891570921,0.05700581380329237,0.012671918903125806
595.9459459459459,0.00845958592222805,0.05692522830742327,0.012618528404543677
596.8468468468468,0.008459379846820912,0.05684464281155417,0.012571747507715178
597.7477477477478,0.008459170689487792,0.05676405731568506,0.012531331350694917
598.6486486486486,0.008458958450228695,0.05668347181981597,0.01249703507153755
599.5495495495495,0.008458743129043617,0.056602886323946874,0.012468613808297693
600.4504504504505,0.008458524725932559,0.056522300828077764,0.012445822699029973
601.3513513513514,0.008458303240895517,0.05644171533220866,0.012428416881789025
602.2522522522522,0.008458078673932497,0.05636112983633957,0.012416151494629475
603.1531531531532,0.008457851025043499,0.056280544340470466,0.012408781675605954
604.0540540540541,0.008457620294228517,0.05619995884460136,0.012406062562773091
604.9549549549549,0.008457386481487557,0.056119373348732265,0.012407749294185512
605.8558558558559,0.008457149586820617,0.056038787852863155,0.012413597007897854
606.7567567567568,0.008456909610227693,0.05595820235699406,0.012423360841964734
607.6576576576576,0.008456666551708793,0.05587761686112497,0.012436795934440793
608.5585585585586,0.008456420411263911,0.05579703136525586,0.012453657423380652
609.4594594594595,0.008456171188893047,0.05571644586938675,0.012473700446838943
610.3603603603603,0.008455918884596207,0.05563586037351766,0.012496680142870299
611.2612612612613,0.008455663498373385,0.05555527487764856,0.012522351649529345
612.1621621621622,0.008455405030224579,0.055474689381779456,0.012550470104870705
613.063063063063,0.008455143480149795,0.05539410388591036,0.012580790646949022
613.9639639639639,0.008454878848149033,0.055313518390041255,0.012613068413818908
614.8648648648649,0.00845461113422229,0.05523293289417215,0.01264705854353501
615.7657657657658,0.008454340338369563,0.05515234739830306,0.012682516174151942
616.6666666666666,0.00845406646059086,0.05507176190243396,0.012719196443724339
617.5675675675676,0.008453789500886174,0.05499117640656485,0.012756854490306838
618.4684684684685,0.008453509459255508,0.05491059091069575,0.012795245451954054
619.3693693693693,0.008453226335698864,0.05483000541482666,0.012834124466720621
620.2702702702703,0.008452940130216238,0.05474941991895755,0.01287324667266118
621.1711711711712,0.008452650842807633,0.05466883442308845,0.01291236720783034
622.072072072072,0.008452358473473047,0.05458824892721935,0.012951241210282741
622.972972972973,0.00845206302221248,0.05450766343135024,0.01298962381807302
623.8738738738739,0.008451764489025933,0.05442707793548115,0.01302727016925579
624.7747747747748,0.008451462873913407,0.05434649243961205,0.013063935401885687
625.6756756756757,0.008451158176874899,0.05426590694374294,0.013099392834603298
626.5765765765766,0.008450850397910409,0.05418532144787384,0.013133574024482456
627.4774774774775,0.00845053953701994,0.054104735952004754,0.013166492004556272
628.3783783783784,0.008450225594203494,0.05402415045613564,0.013198160481212886
629.2792792792793,0.008449908569461064,0.05394356496026654,0.013228593160840428
630.1801801801802,0.008449588462792656,0.05386297946439744,0.013257803749827045
631.081081081081,0.008449265274198266,0.053782393968528346,0.01328580595456087
631.981981981982,0.008448939003677897,0.05370180847265924,0.013312613481430055
632.8828828828829,0.008448609651231547,0.053621222976790145,0.013338240036822721
633.7837837837837,0.008448277216859215,0.05354063748092104,0.013362699327127008
634.6846846846847,0.008447941700560905,0.05346005198505193,0.013386005058731072
635.5855855855856,0.008447603102336616,0.05337946648918285,0.01340817093802303
636.4864864864865,0.008447261422186342,0.053298880993313744,0.013429210671391037
637.3873873873874,0.008446916660110092,0.05321829549744463,0.013449137965223224
638.2882882882883,0.00844656881610786,0.053137710001575536,0.013467966525907725
639.1891891891892,0.008446217890179651,0.05305712450570644,0.013485710059832685
640.0900900900901,0.008445863882325457,0.052976539009837335,0.013502382273386248
640.990990990991,0.008445506792545283,0.05289595351396824,0.01351799687295654
641.8918918918919,0.008445146620839129,0.052815368018099135,0.013532567564931708
642.7927927927929,0.008444783367206997,0.052734782522230024,0.013546108055699889
643.6936936936937,0.008444417031648886,0.052654197026360934,0.013558632051649219
644.5945945945946,0.00844404761416479,0.05257361153049184,0.01357015325916784
645.4954954954954,0.008443675114754717,0.05249302603462273,0.013580685384643887
646.3963963963964,0.008443299533418661,0.05241244053875363,0.013590242134465502
647.2972972972973,0.008442920870156629,0.05233185504288453,0.01359883721502082
648.1981981981982,0.008442539124968612,0.052251269547015436,0.013606484332697984
649.0990990990991,0.008442154297854618,0.05217068405114633,0.013613197193885132
650.0,0.008441766388814642,0.05209009855527723,0.013618989504970397
650.9009009009009,0.008441375397848687,0.05200951305940813,0.013623874972341922
651.8018018018018,0.00844098132495675,0.05192892756353902,0.013627867302387846
652.7027027027027,0.008440584170138835,0.05184834206766993,0.013630980201496303
653.6036036036036,0.008440183933394938,0.05176775657180083,0.013633227376055443
654.5045045045046,0.00843978061472506,0.051687171075931716,0.01363462253245339
655.4054054054054,0.008439374214129203,0.051606585580062626,0.01363517937707829
656.3063063063063,0.008438964731607365,0.05152600008419353,0.01363491161631828
657.2072072072073,0.008438552167159547,0.051445414588324426,0.013633832956561502
658.1081081081081,0.008438136520785748,0.05136482909245532,0.013631957104196091
659.009009009009,0.008437717792485972,0.051284243596586225,0.013629297765610188
659.90990990991,0.008437295982260212,0.051203658100717114,0.013625868647191928
660.8108108108108,0.008436871090108471,0.051123072604848024,0.01362168345532945
661.7117117117117,0.008436443116030753,0.05104248710897892,0.013616755896410895
662.6126126126126,0.008436012060027052,0.05096190161310983,0.013611099676824402
663.5135135135135,0.008435577922097374,0.05088131611724072,0.013604728502958113
664.4144144144144,0.008435140702241713,0.05080073062137162,0.013597656081200152
665.3153153153153,0.008434700400460073,0.05072014512550252,0.013589896117938673
666.2162162162163,0.00843425701675245,0.050639559629633416,0.013581462319561808
667.1171171171171,0.008433810551118848,0.05055897413376432,0.013572368392457694
668.018018018018,0.00843336100355927,0.050478388637895215,0.013562628043014476
668.918918918919,0.008432908374073705,0.05039780314202612,0.013552254977620286
669.8198198198198,0.008432452662662165,0.050317217646157014,0.013541262902663267
670.7207207207207,0.008431993869324644,0.05023663215028792,0.013529665524531555
671.6216216216217,0.00843153199406114,0.05015604665441881,0.013517476549613286
672.5225225225225,0.008431067036871657,0.05007546115854971,0.013504709684296607
673.4234234234234,0.008430598997756195,0.04999487566268061,0.013491378634969652
674.3243243243244,0.00843012787671475,0.04991429016681151,0.01347749710802056
675.2252252252252,0.008429653673747328,0.04983370467094241,0.013463078809837459
676.1261261261261,0.008429176388853921,0.04975311917507331,0.013448137446808506
677.0270270270271,0.008428696022034537,0.04967253367920421,0.013432686725321828
677.927927927928,0.008428212573289172,0.04959194818333511,0.013416740351765566
678.8288288288288,0.00842772604261783,0.04951136268746601,0.01340031203252786
679.7297297297297,0.008427236430020503,0.049430777191596914,0.013383415473996846
680.6306306306307,0.008426743735497198,0.0493501916957278,0.013366064382560668
681.5315315315315,0.008426247959047912,0.049269606199858706,0.013348272464607456
682.4324324324324,0.008425749100672644,0.0491890207039896,0.013330053426525355
683.3333333333334,0.008425247160371399,0.049108435208120506,0.0133114209747025
684.2342342342342,0.008424742138144172,0.0490278497122514,0.013292388815527035
685.1351351351351,0.008424234033990965,0.048947264216382305,0.01327297065538709
686.0360360360361,0.008423722847911779,0.0488666787205132,0.01325318020067081
686.936936936937,0.00842320857990661,0.048786093224644105,0.013233031157766334
687.8378378378378,0.008422691229975462,0.048705507728775,0.013212537233061795
688.7387387387388,0.008422170798118335,0.0486249222329059,0.013191712132945337
689.6396396396397,0.008421647284335225,0.0485443367370368,0.013170569563805098
690.5405405405405,0.008421120688626136,0.048463751241167696,0.013149123232029214
691.4414414414415,0.008420591010991067,0.0483831657452986,0.013127386844005821
692.3423423423424,0.008420058251430017,0.048302580249429496,0.013105374106123065
693.2432432432432,0.008419522409942988,0.0482219947535604,0.013083098724769086
694.1441441441442,0.008418983486529977,0.048141409257691295,0.013060574406332008
695.0450450450451,0.008418441481190987,0.04806082376182219,0.013037814857199988
695.9459459459459,0.008417896393926018,0.047980238265953094,0.013014833783761153
696.8468468468468,0.008417348224735065,0.047899652770084,0.012991644892403637
697.7477477477478,0.008416796973618135,0.047819067274214894,0.012968261889515591
698.6486486486486,0.008416242640575222,0.04773848177834579,0.01294469848148515
699.5495495495495,0.008415685225606331,0.0476578962824767,0.01292096837470045
700.4504504504505,0.008415124728711459,0.04757731078660759,0.012897085275549627
701.3513513513514,0.008414561149890608,0.047496725290738485,0.012873062890420827
702.2522522522522,0.008413994489143773,0.04741613979486939,0.012848914925702185
703.1531531531532,0.00841342474647096,0.047335554299000285,0.012824655087781833
704.0540540540541,0.008412851921872168,0.04725496880313119,0.012800297083047918
704.9549549549549,0.008412276015347393,0.04717438330726209,0.012775854617888579
705.8558558558559,0.00841169702689664,0.04709379781139299,0.01275134139869195
706.7567567567568,0.008411114956519904,0.04701321231552388,0.012726771131846176
707.6576576576576,0.008410529804217193,0.046932626819654794,0.012702157523739386
708.5585585585586,0.008409941569988496,0.04685204132378568,0.012677514280759722
709.4594594594595,0.008409350253833821,0.04677145582791658,0.012652855109295327
710.3603603603603,0.008408755855753167,0.04669087033204748,0.012628193715734336
711.2612612612613,0.00840815837574653,0.04661028483617838,0.012603543806464886
712.1621621621622,0.008407557813813915,0.04652969934030928,0.012578919087875121
713.063063063063,0.008406954169955317,0.046449113844440185,0.012554333266353175
713.9639639639639,0.008406347444170742,0.04636852834857109,0.012529800048287193
714.8648648648649,0.008405737636460185,0.04628794285270198,0.0125053331400653
715.7657657657658,0.008405124746823648,0.04620735735683289,0.012480946248075648
716.6666666666666,0.00840450877526113,0.04612677186096378,0.012456653078706373
717.5675675675676,0.008403889721772632,0.04604618636509467,0.012432467338345604
718.4684684684685,0.008403267586358154,0.045965600869225576,0.01240840273338149
719.3693693693693,0.008402642369017697,0.045885015373356486,0.012384472970202166
720.2702702702703,0.00840201406975126,0.045804429877487375,0.01236069175519577
721.1711711711712,0.008401382688558837,0.04572384438161828,0.012337072794750445
722.072072072072,0.00840074822544044,0.04564325888574918,0.012313629795254324
722.972972972973,0.00840011068039606,0.04556267338988007,0.012290376463095543
723.8738738738739,0.0083994700534257,0.04548208789401098,0.012267326504662255
724.7747747747748,0.008398826344529361,0.04540150239814188,0.012244493626342582
725.6756756756757,0.008398179553707039,0.045320916902272766,0.012221890510898678
726.5765765765766,0.008397529680958738,0.04524033140640367,0.012199520931755355
727.4774774774775,0.008396876726284457,0.045159745910534566,0.012177384074976509
728.3783783783784,0.008396220689684196,0.04507916041466547,0.012155479088713948
729.2792792792793,0.008395561571157955,0.044998574918796365,0.012133805121119494
730.1801801801802,0.008394899370705733,0.044917989422927275,0.012112361320344961
731.081081081081,0.00839423408832753,0.04483740392705817,0.012091146834542162
731.981981981982,0.008393565724023349,0.04475681843118906,0.012070160811862912
732.8828828828829,0.008392894277793184,0.04467623293531997,0.012049402400459031
733.7837837837837,0.008392219749637043,0.044595647439450874,0.012028870748482337
734.6846846846847,0.00839154213955492,0.04451506194358176,0.01200856500408464
735.5855855855856,0.008390861447546815,0.044434476447712666,0.011988484315417757
736.4864864864865,0.008390177673612732,0.04435389095184357,0.011968627830633507
737.3873873873874,0.008389490817752667,0.04427330545597446,0.0119489946978837
738.2882882882883,0.008388800879966622,0.04419271996010536,0.01192958406532016
739.1891891891892,0.008388107860254597,0.044112134464236265,0.011910395081094696
740.0900900900901,0.00838741175861659,0.044031548968367154,0.011891426893359123
740.990990990991,0.008386712575052607,0.043950963472498064,0.011872678650265263
741.8918918918919,0.008386010309562642,0.04387037797662896,0.011854149499964934
742.7927927927929,0.008385304962146695,0.043789792480759857,0.011835838590609937
743.6936936936937,0.008384596532804767,0.04370920698489076,0.011817745070352104
744.5945945945946,0.008383885021536861,0.04362862148902166,0.01179986808734324
745.4954954954956,0.008383170428342974,0.04354803599315255,0.01178220678973517
746.3963963963964,0.00838245275322311,0.043467450497283455,0.0117647603256797
747.2972972972973,0.008381731996177259,0.04338686500141435,0.011747527843328652
748.1981981981982,0.008381008157205433,0.04330627950554526,0.011730508490833848
749.0990990990991,0.008380281236307624,0.04322569400967615,0.011713701416347087
750.0,0.008379551233483835,0.043145108513807054,0.011697105768020199
750.9009009009009,0.008378818148734066,0.04306452301793796,0.011680720694004993
751.8018018018018,0.008378081982058317,0.042983937522068846,0.011664545342453288
752.7027027027027,0.008377342733456588,0.042903352026199756,0.011648578861516897
753.6036036036036,0.00837660040292888,0.04282276653033065,0.011632820399347642
754.5045045045046,0.00837585499047519,0.04274218103446155,0.011617269104097327
755.4054054054054,0.008375106496095519,0.042661595538592445,0.011601924123917782
756.3063063063063,0.00837435491978987,0.042581010042723355,0.011586784606960814
757.2072072072073,0.008373600261558239,0.042500424546854244,0.01157184970137824
758.1081081081081,0.008372842521400626,0.04241983905098515,0.011557118555321879
759.009009009009,0.008372081699317035,0.04233925355511605,0.011542590316943543
759.90990990991,0.008371317795307464,0.04225866805924694,0.011528264134395047
760.8108108108108,0.008370550809371912,0.04217808256337785,0.011514139155828213
761.7117117117117,0.00836978074151038,0.042097497067508746,0.011500214529394853
762.6126126126127,0.008369007591722866,0.04201691157163964,0.01148648940324678
763.5135135135135,0.008368231360009373,0.04193632607577054,0.011472962925535814
764.4144144144144,0.008367452046369902,0.04185574057990145,0.011459634244413772
765.3153153153153,0.008366669650804447,0.041775155084032345,0.011446502508032464
766.2162162162163,0.008365884173313014,0.04169456958816324,0.01143356686454371
767.1171171171171,0.008365095613895602,0.041613984092294144,0.011420826462099326
768.018018018018,0.008364303972552205,0.04153339859642505,0.01140828044885113
768.918918918919,0.00836350924928283,0.041452813100555944,0.011395927972950927
769.8198198198198,0.008362711444087475,0.04137222760468684,0.011383768182550545
770.7207207207207,0.00836191055696614,0.04129164210881774,0.011371800225801795
771.6216216216217,0.008361106587918825,0.04121105661294864,0.01136002325085649
772.5225225225225,0.008360299536945528,0.04113047111707954,0.011348436405866455
773.4234234234234,0.008359489404046253,0.04104988562121044,0.011337038838983493
774.3243243243244,0.008358676189220997,0.040969300125341335,0.011325829698359432
775.2252252252252,0.00835785989246976,0.04088871462947224,0.011314808132146081
776.1261261261261,0.008357040513792543,0.04080812913360314,0.011303973288495257
777.0270270270271,0.008356218053189346,0.04072754363773403,0.011293324315558777
777.927927927928,0.008355392510660167,0.04064695814186493,0.011282860361488454
778.8288288288288,0.008354563886205011,0.04056637264599584,0.011272580574436107
779.7297297297297,0.008353732179823872,0.04048578715012674,0.01126248410255355
780.6306306306307,0.008352897391516753,0.040405201654257636,0.0112525700939926
781.5315315315315,0.008352059521283655,0.04032461615838853,0.01124283769690507
782.4324324324324,0.008351218569124576,0.04024403066251944,0.011233286059442783
783.3333333333334,0.008350374535039515,0.04016344516665033,0.011223914329757544
784.2342342342342,0.008349527419028478,0.04008285967078123,0.011214721656001181
785.1351351351351,0.008348677221091456,0.04000227417491213,0.0112057071863255
786.0360360360361,0.008347823941228457,0.03992168867904303,0.01119687006888232
786.936936936937,0.008346967579439476,0.03984110318317393,0.01118820945182346
787.8378378378378,0.008346108135724513,0.039760517687304826,0.011179724483300728
788.7387387387388,0.008345245610083573,0.039679932191435716,0.011171414311465948
789.6396396396397,0.008344380002516652,0.039599346695566626,0.011163278084470936
790.5405405405405,0.00834351131302375,0.03951876119969753,0.0111553149504675
791.4414414414415,0.00834263954160487,0.03943817570382842,0.011147524057607463
792.3423423423424,0.008341764688260006,0.03935759020795932,0.011139904554042636
793.2432432432432,0.008340886752989163,0.039277004712090224,0.011132455587924838
794.1441441441442,0.00834000573579234,0.03919641921622112,0.011125176307405883
795.0450450450451,0.008339121636669538,0.039115833720352024,0.01111806586063759
795.9459459459459,0.008338234455620753,0.03903524822448292,0.01111112339577177
796.8468468468468,0.00833734419264599,0.03895466272861382,0.011104348060960244
797.7477477477478,0.008336450847745244,0.03887407723274472,0.011097739004354823
798.6486486486486,0.008335554420918522,0.03879349173687562,0.011091295374107326
799.5495495495495,0.008334654912165817,0.038712906241006526,0.011085016318369568
800.4504504504505,0.00833375232148713,0.03863232074513741,0.011078900985293363
801.3513513513514,0.008332846648882467,0.03855173524926832,0.01107294852303053
802.2522522522522,0.008331937894351823,0.03847114975339922,0.011067158079732882
803.1531531531532,0.008331026057895194,0.03839056425753011,0.011061528803552238
804.0540540540541,0.008330111139512588,0.038309978761661014,0.011056059842640409
804.9549549549549,0.008329193139204003,0.03822939326579192,0.011050750345149218
805.8558558558559,0.008328272056969434,0.03814880776992281,0.011045599459230475
806.7567567567568,0.008327347892808888,0.03806822227405371,0.011040606333035998
807.6576576576576,0.00832642064672236,0.03798763677818462,0.011035770114717597
808.5585585585586,0.008325490318709853,0.0379070512823155,0.0110310899524271
809.4594594594595,0.008324556908771366,0.03782646578644641,0.011026564994316314
810.3603603603603,0.008323620416906896,0.037745880290577315,0.011022194388537057
811.2612612612613,0.008322680843116447,0.037665294794708204,0.011017977283241142
812.1621621621622,0.00832173818740002,0.03758470929883911,0.011013912826580388
813.063063063063,0.00832079244975761,0.03750412380297001,0.011010000166706611
813.9639639639639,0.00831984363018922,0.03742353830710091,0.011006238451771629
814.8648648648649,0.008318891728694853,0.0373429528112318,0.011002626829927253
815.7657657657658,0.0083179367452745,0.037262367315362706,0.010999164449325298
816.6666666666666,0.00831697867992817,0.03718178181949361,0.010995850458117585
817.5675675675676,0.00831601753265586,0.037101196323624505,0.010992684004455928
818.4684684684685,0.008315053303457571,0.03702061082775541,0.010989664236492142
819.3693693693693,0.008314085992333298,0.036940025331886304,0.010986790302378042
820.2702702702703,0.008313115599283046,0.036859439836017194,0.010984061350265441
821.1711711711712,0.008312142124306815,0.036778854340148104,0.010981476528306167
822.072072072072,0.008311165567404601,0.036698268844279,0.01097903498465202
822.972972972973,0.008310185928576411,0.036617683348409896,0.010976735867454828
823.8738738738739,0.008309203207822236,0.0365370978525408,0.010974578324866403
824.7747747747748,0.008308217405142084,0.0364565123566717,0.010972561505038558
825.6756756756757,0.008307228520535951,0.0363759268608026,0.010970684556123109
826.5765765765766,0.008306236554003837,0.036295341364933495,0.010968946626271875
827.4774774774775,0.008305241505545744,0.0362147558690644,0.010967346863636674
828.3783783783784,0.008304243375161668,0.03613417037319529,0.010965884416369314
829.2792792792793,0.008303242162851616,0.0360535848773262,0.010964558432621615
830.1801801801802,0.00830223786861558,0.035972999381457094,0.010963368060545396
831.081081081081,0.008301230492453565,0.035892413885588,0.010962312448292467
831.981981981982,0.00830022003436557,0.035811828389718886,0.01096139074401465
832.8828828828829,0.008299206494351594,0.035731242893849796,0.010960602095863756
833.7837837837837,0.008298189872411637,0.03565065739798069,0.0109599456519916
834.6846846846847,0.008297170168545701,0.03557007190211159,0.010959420560550001
835.5855855855856,0.008296147382753784,0.035489486406242485,0.010959025969690778
836.4864864864865,0.008295121515035888,0.035408900910373395,0.010958761027565739
837.3873873873874,0.008294092565392012,0.03532831541450429,0.010958624882326705
838.2882882882883,0.008293060533822155,0.03524772991863519,0.01095861668212549
839.1891891891892,0.008292025420326317,0.0351671444227661,0.010958735575113912
840.0900900900901,0.008290987224904497,0.03508655892689698,0.01095898070944378
840.990990990991,0.008289945947556698,0.03500597343102789,0.010959351233266919
841.8918918918919,0.008288901588282922,0.03492538793515879,0.01095984629473514
842.7927927927929,0.008287854147083162,0.03484480243928968,0.01096046504200026
843.6936936936937,0.008286803623957423,0.034764216943420585,0.010961206623214093
844.5945945945946,0.008285750018905703,0.03468363144755149,0.010962070186528457
845.4954954954956,0.008284693331928003,0.03460304595168238,0.010963054880095167
846.3963963963964,0.008283633563024324,0.03452246045581328,0.01096415985206604
847.2972972972973,0.008282570712194664,0.03444187495994419,0.01096538425059289
848.1981981981982,0.008281504779439022,0.03436128946407509,0.010966727223827532
849.0990990990991,0.008280435764757399,0.034280703968205976,0.010968187919921785
850.0,0.0082793636681498,0.03420011847233688,0.010969765487027466
850.9009009009009,0.008278288489616219,0.03411953297646779,0.010971459073296386
851.8018018018018,0.008277210229156657,0.03403894748059868,0.010973267826880365
852.7027027027027,0.008276128886771114,0.03395836198472958,0.010975190895931209
853.6036036036036,0.008275044462459592,0.03387777648886048,0.010977227428600748
854.5045045045046,0.008273956956222088,0.033797190992991374,0.01097937657304079
855.4054054054054,0.008272866368058606,0.03371660549712228,0.01098163747740315
856.3063063063063,0.008271772697969143,0.03363602000125318,0.010984009289839647
857.2072072072073,0.008270675945953699,0.03355543450538407,0.010986491158502096
858.1081081081081,0.008269576112012275,0.03347484900951497,0.010989082231542317
859.009009009009,0.008268473196144871,0.03339426351364588,0.010991781657112114
859.90990990991,0.008267367198351486,0.03331367801777677,0.010994588583363317
860.8108108108108,0.00826625811863212,0.033233092521907676,0.010997502158447733
861.7117117117117,0.008265145956986776,0.03315250702603857,0.011000521530517176
862.6126126126127,0.008264030713415452,0.03307192153016947,0.011003645847723472
863.5135135135135,0.008262912387918146,0.03299133603430037,0.011006874258218429
864.4144144144144,0.008261790980494859,0.032910750538431274,0.011010205910153862
865.3153153153153,0.008260666491145593,0.03283016504256217,0.01101363995168159
866.2162162162163,0.008259538919870345,0.03274957954669307,0.011017175530953428
867.1171171171171,0.00825840826666912,0.03266899405082397,0.011020811796121192
868.018018018018,0.008257274531541911,0.03258840855495487,0.0110245478953367
868.918918918919,0.008256137714488724,0.03250782305908577,0.011028382976751764
869.8198198198198,0.008254997815509556,0.032427237563216665,0.011032316188518201
870.7207207207207,0.008253854834604408,0.03234665206734757,0.011036346678787827
871.6216216216217,0.008252708771773278,0.03226606657147846,0.011040473595712457
872.5225225225225,0.00825155962701617,0.03218548107560937,0.011044696087443915
873.4234234234234,0.00825040740033308,0.032104895579740264,0.011049013302134002
874.3243243243244,0.008249252091724012,0.03202431008387116,0.011053424387934545
875.2252252252252,0.008248093701188964,0.03194372458800206,0.011057928492997355
876.1261261261261,0.008246932228727934,0.03186313909213297,0.011062524765474249
877.0270270270271,0.008245767674340923,0.031782553596263856,0.011067212353517045
877.927927927928,0.008244600038027933,0.03170196810039476,0.011071990405277555
878.8288288288288,0.008243429319788961,0.03162138260452566,0.011076858068907597
879.7297297297298,0.008242255519624011,0.03154079710865655,0.011081814492558987
880.6306306306307,0.00824107863753308,0.031460211612787455,0.011086858824383542
881.5315315315315,0.008239898673516167,0.03137962611691836,0.011091990212533074
882.4324324324324,0.008238715627573277,0.03129904062104926,0.011097207805159402
883.3333333333334,0.008237529499704403,0.031218455125180154,0.01110251075041434
884.2342342342342,0.00823634028990955,0.031137869629311053,0.011107898196449707
885.1351351351351,0.00823514799818872,0.031057284133441956,0.011113369291417312
886.0360360360361,0.008233952624541904,0.030976698637572853,0.011118923183468979
886.936936936937,0.008232754168969111,0.030896113141703756,0.01112455902075652
887.8378378378378,0.008231552631470337,0.030815527645834655,0.01113027595143175
888.7387387387388,0.008230348012045582,0.030734942149965548,0.011136073123646489
889.6396396396397,0.00822914031069485,0.03065435665409645,0.011141949685552547
890.5405405405405,0.008227929527418135,0.030573771158227354,0.01114790478530174
891.4414414414415,0.00822671566221544,0.030493185662358247,0.011153937571045887
892.3423423423424,0.008225498715086765,0.030412600166489147,0.011160047190936807
893.2432432432432,0.008224278686032108,0.03033201467062005,0.011166232793126306
894.1441441441442,0.008223055575051472,0.030251429174750946,0.011172493525766212
895.0450450450451,0.008221829382144857,0.03017084367888185,0.011178828537008332
895.9459459459459,0.00822060010731226,0.03009025818301275,0.011185236975004486
896.8468468468469,0.008219367750553683,0.030009672687143638,0.011191717987906486
897.7477477477478,0.008218132311869127,0.02992908719127454,0.01119827072386615
898.6486486486486,0.00821689379125859,0.029848501695405448,0.011204894331035295
899.5495495495495,0.008215652188722073,0.029767916199536344,0.011211587957565735
900.4504504504505,0.008214407504259573,0.02968733070366724,0.01121835075160929
901.3513513513514,0.008213159737871097,0.029606745207798144,0.011225181861317768
902.2522522522522,0.008211908889556639,0.029526159711929047,0.011232080434842992
903.1531531531532,0.008210654959316199,0.029445574216059936,0.011239045620336775
904.0540540540541,0.008209397947149779,0.02936498872019084,0.011246076565950933
904.9549549549549,0.008208137853057379,0.029284403224321746,0.011253172419837278
905.8558558558559,0.008206874677039,0.029203817728452635,0.011260332330147633
906.7567567567568,0.00820560841909464,0.02912323223258354,0.01126755544503381
907.6576576576576,0.0082043390792243,0.029042646736714438,0.011274840912647625
908.5585585585586,0.008203066657427979,0.028962061240845334,0.011282187881140895
909.4594594594595,0.00820179115370568,0.028881475744976237,0.011289595498665431
910.3603603603603,0.008200512568057398,0.02880089024910714,0.011297062913373058
911.2612612612613,0.008199230900483136,0.02872030475323803,0.011304589273415586
912.1621621621622,0.008197946150982894,0.028639719257368933,0.011312173726944829
913.063063063063,0.008196658319556672,0.028559133761499836,0.011319815422112606
913.9639639639639,0.008195367406204471,0.02847854826563074,0.01132751350707073
914.8648648648649,0.008194073410926287,0.02839796276976163,0.011335267129971023
915.7657657657658,0.008192776333722125,0.028317377273892535,0.011343075438965294
916.6666666666666,0.008191476174591981,0.028236791778023435,0.011350937582205359
917.5675675675676,0.008190172933535857,0.02815620628215433,0.01135885270784304
918.4684684684685,0.008188866610553755,0.02807562078628523,0.011366819964030151
919.3693693693693,0.00818755720564567,0.027995035290416134,0.011374838498918502
920.2702702702703,0.008186244718811606,0.027914449794547026,0.011382907460659918
921.1711711711712,0.00818492915005156,0.02783386429867793,0.011391025997406202
922.072072072072,0.008183610499365536,0.027753278802808833,0.011399193257309183
922.972972972973,0.008182288766753532,0.027672693306939725,0.01140740838852067
923.8738738738739,0.008180963952215545,0.02759210781107063,0.011415670539192478
924.7747747747748,0.00817963605575158,0.027511522315201528,0.011423978857476424
925.6756756756757,0.008178305077361631,0.02743093681933242,0.011432332491524332
926.5765765765766,0.008176971017045708,0.027350351323463324,0.011440730589488005
927.4774774774775,0.0081756338748038,0.027269765827594227,0.011449172299519264
928.3783783783784,0.008174293650635912,0.02718918033172512,0.011457656769769928
929.2792792792793,0.008172950344542046,0.02710859483585602,0.01146618314839181
930.1801801801802,0.008171603956522198,0.027028009339986926,0.011474750583536725
931.081081081081,0.008170254486576371,0.02694742384411783,0.011483358223356489
931.981981981982,0.008168901934704563,0.02686683834824872,0.01149200521600292
932.8828828828829,0.008167546300906773,0.02678625285237962,0.011500690709627831
933.7837837837837,0.008166187585183005,0.02670566735651052,0.01150941385238304
934.6846846846847,0.008164825787533256,0.026625081860641418,0.011518173792420363
935.5855855855856,0.008163460907957526,0.02654449636477232,0.011526969677891614
936.4864864864865,0.008162092946455816,0.02646391086890322,0.011535800656948609
937.3873873873874,0.008160721903028125,0.026383325373034113,0.011544665877743167
938.2882882882883,0.008159347777674455,0.026302739877165016,0.011553564488427101
939.1891891891892,0.008157970570394807,0.026222154381295923,0.011562495637152222
940.0900900900901,0.008156590281189174,0.026141568885426812,0.011571458472070358
940.990990990991,0.008155206910057562,0.026060983389557712,0.011580452141333315
941.8918918918919,0.008153820456999972,0.025980397893688615,0.011589475793092911
942.7927927927929,0.008152430922016401,0.025899812397819508,0.011598528575500965
943.6936936936937,0.008151038305106847,0.025819226901950414,0.011607609636709286
944.5945945945946,0.008149642606271315,0.025738641406081314,0.011616718124869698
945.4954954954956,0.008148243825509802,0.025658055910212203,0.011625853188134014
946.3963963963964,0.00814684196282231,0.025577470414343106,0.011635013974654045
947.2972972972973,0.008145437018208837,0.02549688491847401,0.011644199632581613
948.1981981981982,0.008144028991669381,0.025416299422604913,0.011653409310068532
949.0990990990991,0.008142617883203949,0.025335713926735805,0.011662642155266613
950.0,0.008141203692812534,0.02525512843086671,0.01167189731632768
